accuracy,precision,recall,f1
0.4266666666666667,0.4266666666666667,1.0,0.5981308411214953
