accuracy,precision,recall,f1
0.9695238095238096,0.9952380952380953,0.9330357142857143,0.9631336405529954
